sk_d_disciplina,cod_disciplina,nome_disciplina
4ba51a95ba6087306319254f45d5ee5ad335922069282fa6d40edac875580a86,MAB111,Fund da Computação Digital
e06a0c438f2d90d5bcd5bab6dd498c4db684593c35a3d20effda3057f5aca547,MAB112,Sistemas de Informação
310f5c6e86c7e6cbe976fa5706be1805c8d1f8b59bd6ca01680db32cf942d8c9,MAB120,Computação I (CC)
dc212ebbdb548ab13c873cab49f75947c29b8332e9b5a38e36052d8c63838160,MAB624,Números Inteiros Criptografia
63637e47a78400c87bb1b82da2fc5b6c00e78c0c77c779455f0053387294e9cd,MAE111,Cálculo Infinitesimal I
1a80b254db710778a5a7610c938ba5a877503cba21e0f92baaf5dec0f65c3cc0,MAB113,Organização da Informação
2993d0e1bb6ecd5e29879451e7463a05cc6075da0e70d78b50b2d807b4199390,MAB240,Computação II (CC)
8f5729a7e2304ba94cd548330e91d743436987544f290cfcfe7e2d5464d59f1a,MAB245,Circuitos Lógicos
de4f94b5804ebaccfa8f5d68972cfbd7693a996d28f22494cf0d156ae3d3c07b,MAB352,Matemática Combinatória
c851d153fe7937986b93ab95203eba4ca75ad55285bd57dd25e014910455b1f3,MAE992,Cálculo Integ e Diferencial II
483e4375f58b63491c70a6e51c6c86b6d0420ef641d13c57a4ee34ba98d5cd0f,MAB354,Computadores e Sociedade
6ef3dfb1b07d88165f492a688d7d388d4a873e27795612125c364f4f35ef1295,MAB116,Estrutura dos Dados
de81c5356bbf5374466a3db552fbac8718abc3d03dd3bd59f58fadd3227864ca,MAB355,Arquitetura de Computadores I
78589e9f791c7a67e98b3406cde9c6a160352c2d4ca43598efd94e89f0006be6,FIW125,"Mecânica, Oscilação e Ondas"
58ae4c22500c1bf1a3dd156b6405367f685508d5a856ab8fda6979b5519d5076,MAB230,Cálculo Numérico (CC)
f1787f79ef198d2337ead7a2287c52aa6976f0fb53b38ba6296bae4a5c8f404b,MAB115,Álgebra Linear Algorítmica
bda9f2bab1bbadfd30979ee3b1078a5fced655ad7b6f5f11cc4e394eadbd19a4,MAB123,Linguagens Formais
0ab06a7ea6ce32bf8dcd0db37a5dfd4e4bf57da8a2065f3baa67e65316d30e20,MAE993,Cálculo Int e Diferencial III
6eb06967153688b4bdf3fddbf9c9002e60d0cd79638226e5b897471309ad423b,MAB489,Banco de Dados I
37ca06d401eb2e128219ab77fea977f9491326dd1ada7e462dd6071ab7d66ef3,FIW230,Eletromagnetismo e Ótica
977c66f9828c8b73e4820585c260e13e2d66dba1ab0f4cb1b98b10c60aa63301,MAB236,Lógica
f815db806b0109c4e88871c1418e2ce76d58802cde3ce2db517e20e03d253fbd,MAB353,Computadores e Programação
7d0088e71ff447c97905637ed9a41f282f353ae0038680139152fbc3f377ff2a,MAE994,Cálculo Int e Diferencial IV
2c7c683ea5e05130462fa49bdab722b2896916aca7b79b5fdf790957e0bb06c2,MAB117,Computação Concorrente
24fe68dd71397b411b564b2faf1db31786d3296fdea5e99daf49c3123f7a1595,MAB122,Computação Gráfica I
ca97d53edc3c5d3f7990b0e8f72e79f1bc36a768d1de55c4466e88505e00e984,MAB368,Algoritmos e Grafos
364dfcf52457928a33dc9a799709a07a2d41a2540ab8ef3eeb3c371880b74b49,MAB533,Fund da Engenharia de Software
d23e80bd8ec3445a9d42bbb6be4179fcb3a0fa23cfaf36f2c52975fc7a0382bf,MABX03,Monitoria I
2f49ad3415ebb9ec607179953d5d7d923477a6af18b3fc137f174cd62b603f2f,MAB471,Compiladores I
f01904d205fbc581a36e55652e55d6831fe8b3cdbdcb3f946ab4278abc4690d1,MAB519,Informática Aplicada ao Ensino
b94f2e3c271228b4550d73f47d22d378e30c48557a76f7c01d927f05563ed146,MAB527,Tópicos Esp Sist Informação
20af73d950d33c2a6de94fd2d5ca4273caf88ff2bfa8d765207d9cba89acf599,MAB534,Proj de Sistemas de Informação
a7217092047498ba173a21ff3b127b5dd84065b6ab3618980c91e5bcedc8c55c,MABX04,Monitoria II
8aab6ffe1f4a85cc4952053677d83583f29af891a27cc0b0e8fc341da6302780,MAB100,Introd Gestão Estratégica Ti
62d28f497c05d365564a3681ef8933e3ba8d388822aed39b7114ee96d7ff1e9b,MAB232,Programação Linear I
d7890450cbdbf93d0e5cf7accfae88b416923e0084e940d295a64494c89052fd,MAB616,Interface Humano-Computador
e7430ea483377d975c73b1ed9addfab5a2e9806c70345af6e8ddbc7d483104b4,MAD243,Estatística e Probabilidade
0d19d67fdde9ff3848a3ef8e302b307d23b8c4a560c19bc1e9ae83783f535a00,MAB508,Inteligência Artificial
06e690a7a257806bdfb556080f428d75b03ac6cd8dc422197cd99e9e3e4c0cd0,MAB612,Tóp Esp em Banco de Dados II
6ff06fce6ed980c8c590500c90ec66bd0477d06a6a60eb6137e112de69597464,NCG007,Introdução a Redes
869ff19045da85bf4ddb2257326685b1cfdc44404381a0a52a141db8e0b03620,MAB366,Sistemas Operacionais I
fed55eefa9268327b55be397276721b1945e9508d41f1f22d3d8dcb5d75f6290,MAB491,Banco de Dados II
196d24660e24faefb61c544b1a5052f5d882ccc6b1105d74755ef154b8c66d3d,MAB607,Empreendimento em Informática
22c1ec9cbef6638505694c30319eb2a128e4059139e2c783d3cd31071faffc30,MAB102,Trab Grand Vol Dados (Dc e Bd)
e350c3210a6c4d76329a77d71a3c761bd21b2c3dc5f1b40cdd1ff5ef7483ead2,MAB510,Teleprocessamento e Redes
12f769113c5c3e546a86a14a514096838da7d7ea4c392b109536fe3bdc7ffdc4,MABX02,Projeto Final de Curso
60673c0d069fe4d7e4dd0a5d7c3e6761075b13b3417a7a0073ddc48ee47f3fbc,MAB515,Avaliação e Desempenho
3bfbfa7cc977c774b90d746f81164aed67f661278c43779b8ca7bce9225aa168,MABX01,Atividades Complementares
275c2957c4f2d8f24043dc935b3d9ba1df4ac610dc2958d70db2e20e6ec04785,CMA110,Tóp Gerais Ciências da Terra
99d1b9abb39b77e4d14372e435d028ea65ab38bd2e7cbb9ae4a3fb9928add84f,CMT111,Inovações Cient Tecn e Art I
e5c3a10784d95ba76e4b33c759398deac27cb4849937ecfbb95aa1e61d89730f,FIW112,Introducao à Fisica A.
92452e1d828b44f06ec89b776c72fac93f9a1bb8428bb9834f7149ee963e194f,FIW113,Introducao à Fisica B
df6f4b64594be0afd511dcc55550537e306ab96a9c9424619fd04e3d08d242c7,MAB121,Computação I
90c4bf5516f1b3a75f927918ba5b1dfe7ce4eb515967e1e9a4e06e586f2ec7c4,MAC118,Cálculo Difer e Integral I
5d3749a42a6c7cd7401239c3b9762354a5b150735d7781ead9446ae98f121d3f,MAW117,Introdução ao Cálculo
f20edc570c16d78b9c66317a217b73917527d9145944f3fc126b625ea389ae0a,CMT012,Introdução à Programação C/c++
e94a1bf5c7c337230e1d228b3cd4b6f5f958b200ca661edaba659b9d35097865,CMT121,Inovações Cient Tecn e Art II
42b4dda4bf57b425b22a1052aec97381f4b1b02e5a14f578fa6ea9c76d13d8cf,FIS111,Física Experimental I
fd8dee3283a38eff8b17cf2951e557882870ebb14ca5dda5bd8d624534172f59,FIT111,Física I
66c9c15986fe5ccbb7de21c0d7ac014e4a1deea673907593f381e17042b24f5b,MAC128,Cálculo Diferen e Integral II
949eb0f242b3974a0b821f9c7e73fbd25766280346a94fbdbed55ff70f4bf445,CMT231,Inovações Cient Tecn e Art III
7a93cfa230c45539ca98578d5e86ebda2cd687764ee847a38652a42fb13fffdd,MAB626,Estudos Dirigidos em Redes
70c5438681f6efe2902a4b9e78fd4488412a85544fdf1459b695cc6210ed31bf,MAB602,Dw no Sup à Tomada de Decisão
71941cc395ed6170123b2e68ec63165aa2413cbd080f4a6294829bb6e3ee3f17,MAE125,Álgebra Linear II
9d2266031593dab43612ef7d1287cef41e05f4e90d59ff72c7cee51b57e76df4,MAB623,Tóp Esp em Redes II
f4bae07a7bdfe9833274745b90c651987befbf9397642e9f4e3c00eadd1db327,MAB634,Conhecimento e Inovação
92009bbd10b93c239973ff21fb66836e185c092b73223fd126c1a9f5e561cd82,IEE115,Economia
c6c42c4be83cd6efa8e67467f5efc18666e5d64c7a6e20efcde428f2cc4d561f,MAB465,Top.Esp.em Informat.na Socieda
6443551721c8799599f041a85bb54b1fd00b0780332460bd18c63a0c1c1c0ca1,MAB501,Programação Não Linear I
e4b4dc9868db99e7a7c2f8c49d7597179bcf9697daf3190b9a46bada9bd15efd,MAB601,Top Esp em Eng de Software
d8ceb525f20aa3fd20fc5f3468a1a1216c47a975164919c60f032a0106918ae2,MAB605,Recuperação de Informação
377d7363bb8d6a0148f2827b25b91f89a353f349bf715a094dbace1256422377,MAB525,Tópicos Esp em Int Artificial
1f45af703288cc7598991b9171aa3d5c783a3df9f366fb05457c0718186fa0bf,MAB608,Top Esp Intelig Computacional
454e3863a29c11a1302b5649cda2462e6f654006224a9e45497e229220701a85,MAB367,Sistemas Distribuídos
04c32420c1f61f75e7fc8211a690041f5f3b652c387b0656795d4572ac360281,MAE001,Modelagem Matem Finanças I
b6f2d7cebc2148d3316050cfea83db5bd2c99a8473983f5191963c63d869c3a5,MAB356,Organização de Dados II
92017a45ef235c038e7632a59e37ee7be639d2ec23e91dadbb0abad3addcca7f,MAB528,Tópicos Esp em Algoritmos
2906ca8f48f50592840b2d85f80bb5371e370d5ab988fba37111d1b62dc358d8,MAB235,Lógica em Programação
21a82a1e59c6ab4b8cade26e628146e400aa55bdfbf32e2be6d476c71a401ff9,MAB622,Progr Paralela e Distribuída
ee01b99d10e8e729a7e2f9124685e8f182a9b60f3bb58a8796a536ef5fed3f3c,DGI369,Interpretações de Brasil
1876fec42d22801e5ba6bb6d6b71439e78a084fd0305cc7acf7ffda22f607678,MAB003,Tóp Esp em Segurança da Inform
4a77068cebb94904446e925401a47a8359ea3594b852e64566194e48cbe6401e,MAB103,Análise de Risco
eb95301c3ffcb33c32ede4b7ccf5ca3d95e6268ba9045ef1e69794725fe246c5,MAB630,Bioinformática I
0f458969a0bda4ff9040f45f2eb40f128d3d47dbcaaca1ddf27b596ff2e87efb,FAE110,Modelagem Sistemas Estruturais
ff1009507dbd2d7c3282cdc3d95bf1c65c57001008ac36c4b67dce3892c47b2b,FAH110,História Arquitetura Artes I
e58bcbd63539f8850ae930fcf001cdce81cb3944261c663166bac0f861aea48c,FAU110,Hist das Teorias Urbanismo I
08d5b65ea6a58135c5dcb199c440befd68c58fce479685edd4d8bba4a498095f,BAF109,Desenho I - CVD
ddca74eaebbe823b6716e3a108f5675211863d406f77f82888717919ac3babd3,BAV101,Metodologia e Percepção Visual
5bc46ba4016f410dd6cfd4de6b7490405e00bb12ba29e936786d4f192d4c99ee,BAV102,Projeto de Design Gráfico I
83aebd9e1c04fd27c66cd818cfadc7f5e16a07ee5293598192b8ca29ace5edf0,BAV107,Oficina Básica CVD
feac4984f49432b06a48c17ec58f7032798342f430b66ed863bc2da66282b075,BAVX05,Lab de Experimentação da Forma
2b18be1056ebf97054c4712057337581562c241b40e37e0083a726996e8a3a1f,BAVX07,Lab de Design Gráfico I
7d276db72c557d78f1329eb28c3443a38a89c6ef5cecd0b3e71e6b8294168261,BAF110,Desenho II - CVD
7ab5a8343dc0df09cff54ed716ffaa92d00b91aa993d04440b9781daeeb77408,BAV103,Planej e Processos Gráficos
64182e40fa3e760168b93ac2afb3364129eeae2353ce327945b5f492ecb4d056,BAV104,Design e Gênese I
c6080d0dec45b70b9cdc847f81f463df4e253c25e1c411d7cc25403d2a539325,BAV105,Teoria do Design I
a951009b37a4df347f4346e438d7b9c7b22c3c775cd180325fc2bdec56c4ee93,BAV127,Fotografia
9ef74bd4d5bbd554a539493a6f5e27b80c17b5fbfad06a9b6ce10e594929c061,BAVX06,Lab de Processos Gráficos
f09640dbcb4d4ae0e4437d3fc549020885105d84f00a59221dc0a3288517869d,BAVX10,Laboratório de Fotografia
570459f5a5b3632b3f6777d1a7a3ad0f66ce9f1c0181db295a51334c1a3bad55,BAV112,Projeto de Design Gráfico II
42dfd91b5f26c9d1b890a82f4f05c2e18e3773c01934f3ea2231fca0be79235e,BAV113,Tecnologias Artes Gráficas
cba38d33ff9b8acc4d2de5395649c74f8dbec5f7be24a2335f4f893deb791401,BAV115,Teoria do Design II
1eac9aaf104f857d4d390b6a70d8f86bdab628d7288e842882e5b40b7cdd3590,BAV116,Oficina Gráfica Digital
2a5ed87eadd2cb5b224aff26da1cdfd409f64909c561bacf4679543415a5ca94,BAVX11,Lab de Experimentação Digital
fafec80eb2681bb593ee2ba70a7a216e00b6f241716ef876c0e9e01e7bdc05cb,BAVX17,Laboratório Design Gráfico II
bb19397c608b8ad6e1e91f353d8aeaa3c0109a13a33ecbf0892f2a4748b085a2,MAB603,Gestão do Conhecimento
c2be3a77085d96d4d071a6f59f3a1974c29fcd7cfcfe2374684284a4b96c5902,MAB604,Tópicos Esp em Comput Gráfica
ccbe74b0404f87b61f1ef87c45a197142baf6477ca736a16ec0a047c0386b07e,EEL970,Software para Smartphone
385798e21b911bab3a279a77d2ebe6cf96dfcdfdaeaa60fd6e5fd5050ba4fa1f,MAB101,Introd Análise Suporte Decisão
e5fceaf8f19da73fa1c54e29207a28a426b7f6f066093f21c15821a646a0b945,MAB125,Projeto de Jogos
83f46551d675bcde18313f3a4a8f5bd9a7bf525c0294525b96fe4967ded253b0,MAB470,Sistemas Operacionais II
b2efd4774bc89bb5de944556d889fcfee8019f4e7cae4bec643d6c14f7048e5c,BMW115,Metodos Matematicos em Biolog
2461c79130f623f026b98adb94ada036e9d8c18fc4f5b5cd1620f774536a37f0,MAB241,Computacao II
88d1dac0c876a8ffaee709a898df3358bafc57e8acd0876b1492bf651f71004b,MAB627,Tóp Esp Roteadores Roteamento
c6b0fb02ca46ae56d39a2159f9ce1f2147226b35f837187922a8f46d96aa646d,FIT112,Física I - a
e2742bc95ef811e079e1c09e811746699fdc585b34d5dd2a79acfdd25ef52c38,NCG009,Escalando Redes
d51babc02f79d6a34a2987a956d21c2b1e9ca235f77628621f9d5e154cafade9,MAB629,Tóp Esp Redes Longa Distância
cff0cc5c67906d51c982d721d6557755983329cb8a4fd37f1e317b18aabb9b86,MAB231,Cálculo Numérico
659868d812201c6eda107f5321bff97320f6c71579048875a515fc5183049143,MAB625,Tópicos em Criptografia
b025e69eb927086e77a171115b081df98064c7a7f65595a54ec9a6411134d2d1,EEL874,Inteligencia Artifical
fda4e3e03c9959e57ece6833bd5d16a0746f66b116d6489e1f6effed15689507,MAB004,Aprendizado de Máquina
8158ebac8dae1b2e7d4da2375a2a5d69c29dec9500480aa438acad0e4e92744f,MAB478,Métodos Numéricos I
291fe15e36f8a35d467d3536e2d6c536bd9418e6610f227b945d62c03e71a17f,MAB535,Modelagem de Sistemas Inform I
c48d5518aa1a2c50460fed03089c688d323629c0d27e52a4e2d812602b3748da,MAB606,Tóp Esp em Programação
7a34c5f7a9fe0cb7470122187e847d0500ba90db42ffe4ad726ec2a3e1f71951,MCG023,Método Elementos Finitos I
1ae966abb9565434ed7a26fd46d29f1301de73b550c1523bad814059b0e46459,NCG016,Computação e Finanças
3c0a6e1744e9883f43dcdc0a10b4b398c6c66e5520a1a1affd5b3121de657429,MAB243,Organizacao de Dados I
373484b59d7ff528345e2fa657e5b4be6603fc64518c348768a41db9d552dc12,MAB539,Desenvolvimento Ágil
94932627bbf4b3e04561dcc03eca9fb6d02980c5f0867edc8c17b7e12b131744,EEG111,Fundamentos de Desenho Técnico
af57e6488fe2e23700d6836155c18f2f69a3fe584972812269bc7aeca9cb1e3c,EQE040,Introdução À Metodo Científica
f4c6992538c24a898d0ac08a7f9522fe98339551cbfd009c1ca78d53d48d1a9d,EQE112,Introdução Cálculos Processos
a1382e64e3d6a45e62da053519f5093420e57b29a597edd7ab450e96350549c1,EQW112,Introdução Proc Quím Bioquímic
3671a8db3712c64d799804b8fc6daf791d1a9226bc3611bbda8cb6413d45e8a9,IQG115,Química Geral Eq
93d72b90625c90fade2a09b248a68f96774a3b750653d62928a315595d702f89,IQA121,Química Analítica
6eaf361b3733151deeec26fd037ef3deefaef3f7e701d1e06f711f5d3a6d13f2,IQA122,Química Analítica Exp. I
a037ff9957ce6f9c76c9d92ccf538006cbea3127c36878f84eac2d891e88b83f,IQO128,Química Orgânica I - EQ
ef00fc5d4e58418c10c593777b8ef18a09055d714281482926a6d0aeb6d333a1,IQO130,Química Orgânica Exp. I - EQ
caf4a682eb980de4d670a570fb2e6d07de3970b24b994cfe1ac848856d52ad6a,FIN231,Física Experimental III
bf55dbf3f93aded37c8daf875818564d834bbb932205195b00f701560df57554,IQG231,Química Experimental EQ
9efd53d9a96ce4168d9fa4e55221f265fc5b10d2cbcb806a1248704192b572ca,MAW123,Matematica Finita
b90babe3964a2495ba8ba166200357b1b0fadabe8411d6ec9edf07d754ff1326,FIW491,Tópicos de Física Geral I
13a55798abe1160cc2c97395b8a2dbc25307ec5c48dd9d4b17efbeb4fcf9d095,FIS121,Física Experimental II
d626ad5d04771bc3ed9c4729514456f98d80ec402e2e1aaa79001aff979ef3a2,FIT122,Física II - a
de0825e5e65d09ae3fa2cab7e695e97fbda1b37efc0533123192c2a5176920e3,FIM230,Fisica III - A
63df5d37f85b0a334df8972c1c2d280c9a8f1788c0c2bd84535b4178204f9965,FIW234,Métodos Comp em Física I
945c3038a764ea9cce5c589319aa549483074af7f5b56fca73228add1e4f6d98,FIWY03,Introdução à Pesquisa I
115abf0314592bfe2305808fca36d82fb6b8abbcf04cb653042c53f9b510315d,MAC238,Cálculo Diferen e Integral III
898d54638db9545918dfc09923b9d3caf9d22f043377ffdf333371b4f3d9f0e2,FIM240,Física IV - a
b6932588f8fb902e498afa5f378f0bac1843f76d74e55baeb3f7af9cb6893438,FIW245,Métodos da Física Teórica I
2e776085e7bae5de97896c28429522403ccd0a7b214cb4b0b9c843200efa9424,MAB242,Computação III
911a38c6ea44d9d3285d2d38413510f90c34085f171bb53680a709f3b3dad8da,MAB502,Programação Não Linear II
5b6323141ef883680d4b7583d24d2b226ec8b9f1e0b55d0ca0d5ec7a9bc49e2b,MAB364,Linguagens de Programação
33a23278da5aa6215b1a1f15f76e6739d81f07349de6843dd4b6d97c5df66c3d,MAB369,Arquitetura de Computadores II
a1bf55e8f86c5384eba3d1dccf5e04f9749f785503076e388883870e8df41f33,NCG011,Acessando a Mente e o Espaço
535637d15185e8b51a14096d3907252748b5cb412f6c29fe168cc7d79a78336f,EEW602,Evolucão Ciência e Engenharia
af38b7e9c5ce5494cbbefb269fd00dc818101855b3077d192a599d546fcf2ca8,MAB619,Tópicos Especiais em Redes I
240c712c777262bbada7db50b26dd654c0affb3a88dfe4bc7d41034c17503556,MAB513,Informática na Administração
d415d391d11b0d2a68d831442fb49f141af47764e48803bbc1a432477cc75af0,MAB516,Anál Num de Eq Dif Ordinárias
3f230ca59ad7ff113dfb2c39f2c70a85be4e4972266f89dcd0613e1a7228c4f1,MAA114,Algebra I
6f904cf605935af92e93713c9eead620c9c92cd971dfc4fd12ab852ccd8bb13d,MAE115,Cálculo Vetorial e G Analitica
90bb6c7d7670d3d1f3fcc50eab33d2a8e8cefabb7d8840dbd7aa7fbbc2a4da26,MAEX10,Seminário
b3cf6f23212df2ef217efb224602a58668ebae5ce1ea199744799b93e8dce287,EEW215,Tóp Esp História da Engenharia
2acd6e1f031dc3d4e604477c238eaf4d1e02dcbed4e6fc0f98074331d2df067f,NCG013,Redes Neurais Sem Peso
aea9e84df635af87059f375e2cf29037b34068fa9b590bf3723e9d4785372ed8,NCG005,Redes Sem Fio
ad46eeb3845a2b7de8e5ceebc4230a1850be2509cad64312f82f5341452fc98e,MAB532,Mineração de Dados
ec212d0ef8beb9a1912114468fe05da57670860dd4a0a6a4b1b575586e8b0c74,MAB632,Tóp Esp Sist Inteligentes II
e5c72647a606eab5583974b2d5ec50255f6edcca7cffb8d5008e00b5c4bc5419,MAB640,Projeto de Teste de Software
bcdcc140d5ee639565bca4bbd7feb0917a8c5c3b663bdc16cfa5f458f619b415,NCG024,Internet das Coisas
c7a4b41ef992acbc77019754a735a1f89b04f025a943d99c0814b4bcfe40971d,MAB639,Computação Quântica
c2da84a2d2cedddfc48a33f2ba72135ba8771e1ce7c019ca850541d2da59301f,MAB636,Algoritmos Paralelos
527a23a659082eaa1be3caa0e6f0d75621b5ff16d0712caf5bc85d4348af3eb8,NCG003,Gestão de Equipes Projetos Ti
2056b75da6cdccf822f31df3dcbc241f38783a663470e05bb26fc986faffd7b1,MAB522,Anál Num de Eq Dif Parciais II
1570cd549b5ab8b3366304475277564730679f3e84b524537d73e19adf5eec1a,MAB610,Computação Algébrica II
72aa90a22a77ffcad266a8418a6ea70d745cba883b00fc8e97c7a1b4ec2fd037,MAD233,Calculo das Probabilidades I
9d122b85f7abf9888b66600fa7ffa8fb7327be0dfee5b8b6ede7adb6006f01c9,EEK200,Introducao a Eng de Mecanica
360da3e1b2f0d85ea1bad36583ebef352127744ad1491102014be6f070735b01,IQG111,Quimica EE
610e56d79ba0298c673b502947ec7b773865cc7dab922220a002a36efc14560b,EEG105,Sistemas Projetivos
e362bdd6510e24291858e2cf5737893146b315463d47309e59f50af17291f48f,IQG112,Quimica Experimental EE
b501752949604804597d39e44fa49868200330b2d235ae93bb65b6a6d0d4299c,FIM231,Física III
3a04156996d42b930ed55f57137bf2db8026c209726bedcc8da4a0072fd84025,FIT121,Física II
647aa476e835c3b814f43166faeb58a35e7d89073f8c555f5d09bb8361b549c0,MAB001,Tópicos Esp em Comp Gráfica II
d41e5c30d0d0a0829f21e21d6cffaf82b85659c8e73ec6386bbb95503ff2551e,MAB005,Ética em Computação
2f3f955e243d03fa01148bbf99f67bb4fb206958d3308ae95d2184440e5330a7,NCG020,Segurança da Informação
4240c1d9397c0ff9183796621bd821417f7970b0ead39a6edb9bf4cc0eddc470,MAB500,Robos Sist Auton Inteligentes
5e5db8a1b4718c685bfeb3037640797e069648535676ede9ba8a27d58f4b1c56,COS110,Algoritmos e Programação
0f05f499c89f575af82abff2b775f5008311fbe5009b00c9233c9372c688862d,COS111,Introd Eng Comput e Informação
e03ce5af7858a47b3d36dfb2d0d0e8bef320dd3703c5a52b44a62a84428282f3,EEL280,Circuitos Logicos
b4c482efdfb97a2d11a36dedb2523d290d654fa91f1eae1888dcfecc263c2519,EEL670,Linguagens de Programacao
7421508c56eed5c1a876057ceb3f463785966e27228978875dc1977287ddf957,EEL881,Teoria da Computacao
837a71589404e79906a6775e256de7c55e0bd2b8f98a00bf7b40ad2fd63f6ac7,EEL470,Algoritmos e Estrut.de Dados
1054636451b2d4e7e01246a01eac94ebd97fd2a1d968c74ddf568f13e25ffba9,EEL873,Engenharia de Software
516e4ee88741772d876cea88529c5035956117c7d54b79683ecd3a8354f12a4a,COS471,Computadores e Sociedade
719dab6fef8ad2c83185195e0c93e58b70a50efea6ebed6e134d6b9957b4d54d,EEL770,Sistemas Operacionais
d08ba8439836e2880a40dcacf5e8a2155cdd68eac37f53c87ef0d5ca71024709,COP232,Gestão de Conhecimento I
32ce9e1b2a0f9b833b17a9bcb5315e4c2b27e3d5a4c6c524721d81ce9eca88dd,COS351,Lógica Matemática
445d9e1a977f41aebc8928539167c91ca1bc799a30b073448a610d82ef126dba,EEL871,Banco de Dados
f8c0515926ebfae0770e0b3daf40c03fc3cadc49d447ba83c783d7fc5fe6f87a,EEL878,Redes de Computadores I
b2bd824424aec792f3ce6239c0179a4bb8c40d8f66b68cbf330e44ddae83514b,MAC248,Calculo Diferen e Integral IV
b858a49c1cdd0254b0b5b833890ee4e6307e36375029da314b3a63a98ff6126d,MAB006,Internet das Coisas I
1131c255c54b3c5ffd869c314226ec19ca20cdb1c1338aff406a56b945bd70bf,MAB518,Teoria de Grafos
db94031d76f8e4b2cdd1fef53a1b138a2a351f7210b837b32eaaa73010f47b71,ODWZ05,Ativ Curricular Extensão V
accdec69de182d26d07e5a20290dadde443846dde9d218683109563ba9573e6d,MAB617,Lab Sistemas de Informação II
20be0c4c1216e207af46614c5d2bc2df74176a23e0c34fa5928c0f7033a99a3c,MAB609,Tópicos Esp em Banco de Dados
a8cff0b3f3cdc6991275d971f5fef3fdfbbf8d6393afbfc3ba792dfbbfa01d2c,EEH210,Engenharia e Meio Ambiente
a625e49d9118f37e9426b946c96420d81dfbca4dbafdf26619f20f574e41898b,EEI200,Introducao a Eng de Producao
63f0c7d669f897d432e0067ceed004da5adfe12ace88fe33a028e9e1a2a34a1e,MAB114,Computação I Ep
9cad6f51256a8cd6f3cf88f4bcd9d7dba685960e436a0f2b0e5de9b4a8231877,EEI212,Metodologia de Pesquisa
21e7a81c2dec7069f73a8a6fce4dc592f090d4581c65428dd6ebc6aeb28949b6,MAB225,Computação II Ep
c7e5dc741d0c66b21ac3e0b5c84b94c14e8c3b85235f196b70f847a86cfaf799,EEA212,Mecanica I
3df75e5c8c084fad62742e959052630ef74ca7de88831c1a49fed666d4416674,EET310,Princ de Ciencia dos Materiais
5ded892f61602f6801d242dd9c82ade15fa4a3d0fd6d3e702bb4cb98c1c58991,EEI206,Historia da Tecnologia
7c6bd71648a01a42f711b9363e9afc026e9adbb36fea9093633db8fbf66b438b,EEI533,Introducao a Economia
beb1ca3c7dab442be1b0365fa3b8fbaa39532209022a9aa1a6addfc9187c8e8f,MAD201,Probabilidade e Estatistica
a88dc7f220bac1920858e61fd291ace18f33e4ec84a5cb133b1f3b46525132c5,EEE390,Fundamentos de Eletricidade
1d3b6b446d06daba09a04066ffeb9eb94949c8d04ab10daf0bb8139a08acbd44,EEI325,Engenharia de Metodos
a4d5848684981a0e9e50466fdeecf550828a66de1f39c551a302fa53029b8aff,EEI541,Estatistica Aplicada I
d7ef0244d963c9a77f413663c970017347893fbb462d09f10ba4d85baad07421,EEI642,Estatistica Aplicada II
feddc963d728bbf80f3ff222c7aee62d0d75bde54709bc3bcff26d5c57746295,NCG002,Introdução à Programação I
020926b85a719c2b4f688a954df89ba48e961de3a47db173863cf91d030fcdb9,FIW492,Tópicos de Física Geral II
c914842d64e7e27559b9671d5dd18a113571c0afbd2bf30a414e55d1b2079a8e,IGT110,Introd Ciências Atmosféricas
b8d1bbd26422ae266b3f0feed18014b797c29ec8ca97f76dc898c2611a35a297,IGT114,Observação Atmosférica
6ce1304011c82009f8c14fef129408a269b2766a705db81666a39eec97242f29,BMH121,Histologia I B
cab2b35202d6e4d8db29f7126e06bdf64ea3d44e4cb6b757303bd360aee73d21,BMH120,Embriologia Geral I B
3fca60a9cd534b86921f059d7d0c985c3893ce7314dc142a7a4ebb6118d56b74,IBE121,Elementos de Ecologia
f41106aa50b48fdbdbb9fd45ca773be2ab0d5507b54616554914ab7a22cc292e,IBG231,Biologia Geral (Citologia)
8ca295f6ffb1b72a5a633a7ee6bf4ea489388082c3818a7189a9270bf0b021b5,FIN112,Fisica P/a Ciencias Biologicas
5b0e75be463871ec154b137fabf2ed23d996be3a78e8d839a113e1f1a36dc4e2,IBM351,Biologia Marinha Basica
4bb1cdcfa4f081cca038011958d0f0a3cb1da7e9cba53ccc91326a7a2c834472,IQG116,Complementos de Quimica I
b113b40e6eeb57905d7d78b4e35fa1478d8d38465fc69d420a88f4448261a597,MAWX01,Monitoria I
da375189b151dbe3b79310873379c98af6acdfc62fe42cecfbdf0ebb904f5740,LEG151,Alemao I
def4682d25ac08dff9e665120fd38abc76b1eef99aece13cdefac98ca732d330,MAE231,Calculo Infinitesimal III
e61b63b308a67225aa74afdd710dec0934132ddb89d060a4b4cf573605cc2b99,MAB488,Métodos Numéricos II
7d6d6e424507244a3babe5240270d9b1867bf4ee21afe443ee48f9be9bccbe35,IHI001,Hist Eco Soc e Pol do Bras I
be3d90b8850961c71451169023dc73a94b03cf080ae575ec2b2d9d4d20b8b47e,FCA218,Antropologia Cultural
e4c267ae70315553a5e477c3041e90590dcc670aecbf79015893e8e01842fd01,FCB113,Introdução à Sociologia
9e899777634bfa15e5c49dce86212892e27e223a8e64716615fb2a639444f300,FCB117,Metodologia das Cienc Sociais
9e1efac1de6ede9af3708365e867830769c6b238628cd0d60f7ec3370cd52b92,FCF110,Filosofia I
d93cee5ae00d90a4594629387362bca3c012a247e0dce9c69c4fd47a69e826cc,FCP104,Introdução à Ciência Política
985a8aba21824dd1e14710d8c40cd13e46662639128f9e4709c0ace2b5c78a9c,IPG111,Psicologia I CB
02b458ee8021968ec2b62c264ce470d3c4f425dd7d77a713c0dc3e23921786c3,FCF111,Filosofia II
9e00898587eaafc28ae5d41de1201c28f5f59d903e162fc2b86e0d94d25ca8ec,FCP107,Ciencia Politica I
7eb637cabb10a15849a2efec7bbeeefa0e7585823054f8ffbe8b70d189042389,IHI003,Hist Eco Soc e Politica Geral
168bb7e988c0bb953ae247e0a09faf69d456f46233a2e097c4fcb257bfdf8b0d,FCA106,Antropologia I
d2eaeb3120fa7cbcba694f8e17f50a20c22b6925372379678d1461086ee03424,OVL111,Introdução à Astronomia
5ed6ff8fa42d4caa30935c344f3e74b5b515962dd91c40959ce8fe4444bd9883,MAD124,Introdução a Estatística
28782d0e3d75ad37812955ee53f066be286d3d864e8299904e3a10fbe6476b7b,OVL121,Astronomia Esférica
8eefe7c1ff30154a3ca1081031d9218e85209896c3f48996ef17315153698200,OVL231,Laboratório de Astronomia
b42fd3249ec07a2d56fececb47c42e6763fea506591db1659b166c557a3ae1c0,OVL232,Métodos Comput da Astronomia
ca41cfcacaa2af0dc40ee5167571422c7b4738b783d14c4838d2280ef80a8930,EEL857,Otimizacao em Grafos
847eb771febac5c40ac99e0d75578f107e7c0e390ccc11c84c9b0810d2d73eb3,MAB531,Tóp Esp em Teoria de Grafos
c9b9f7457194f952a0ac179d1740ec094f53694015c00f2ff82fe3018bc934ab,MAD352,Calculo das Probabilidades II
b9240dc1a2fa212175f9bd36edf34e6c2d522bdd3ad7572b1212ab2402cbdc10,MAB002,Tóp Esp em Program Paralela
e7452e9a44e93798414685949be14b750829008dad0f9b8ffe2f297ea59ff3a1,FAR116,Geometria Descritiva I
791408824ffb43842750d9bc8a138b4999203d8a8bb71b418e963dcc99583217,MAW365,Fund de Aritmética e Álgebra
61c36e84c9451bf6ec029565fbd99821764c409af20a8b8d0a2709ac0ef317d5,MAE363,Top de Matematica Aplicada B
4f71c5e64310e5a1abf54006c4fb61261cc44b19e75f83eb4c10d894c943bb8e,MAE353,Top de Matematica Aplicada A
cecef3c5f85771bcf50b755588ac09ed7026213d236a23d0c874286fc97c0a04,MAB635,Lab de Sistemas Digitais
bf0ff369c0d225fed266ef3bc2fab16ab41b50d346386e2af89913dcc50a7e26,FCF231,Historia da Filos Antiga I
d9a87467c6987be751876996118256d7aae14d0b8bba835b1f59f8fbf7086ae3,MAC116,Matemática I
96610535cbc20edb8ad3553ffa62c22f8f3efb26992e393db57ff41ff5474696,ECA230,Comunicação e Marketing
a82f71ab2737e33aeeb489748aaefe3e1490e62b51b9394ce3c9e7a0262e988b,ECA244,Comunicação e Economia
bbed8bfa65e70ab70b33bb71163708f72d163c1053637fc5cf13fdea34f459cc,ECS122,"Comunicação, Psicol e Cognição"
2d0aa51e863cadb37ef04cb168bc3ee2e5ad02bf852ebdf0cc2e8fd40a17b1bf,ECL251,Redação Jornalística I
bc3a7cee1593b976ca793cb25dbf3d170cd6abb9cbb4e61c002db522904943c9,ECL384,Radiojornalismo I
4c5c6717b5c8573026e33d5c90ec50c784a6ce0af00c2a471ce02fcec2bed8bc,ECL390,Telejornalismo I
186266ecce66e538ddd95595916bd9b8ff4352884f53f7209ebdd50a1b9d7915,ECL500,Radiojornalismo II
65611c8be770408952302930dfc91e94317bb12280b2184701051422229f93ec,ECA374,Legisl e Ética em Comunicação
c29b63773e91c1b9b6055da2738cd5b2ae6e021e0773f154bca673f59f70367f,ECL021,Jornalismo Especializado L
c4e184ba261c0d2acce44d98ad51573503b6f3238255849d4cccb03bbac90e41,ECL112,Linguagem Gráfica
d709678e3e82e09eaebf68ace8ca16ae9d510d1f0e607c9224ded29d8dc1ecc6,ECS112,Comunicação e Filosofia
09c0930478d749250aa568b59704527332c8473470945d495e8d8a8bc94472e6,ECS113,Comunicação e Artes
33e89848351cff1623e9be67861c9305113edd25eb0df452649cff64f884795c,ECS123,Teoria da Comunicação I
d018b8cb6ad0bf7d4adebc7028c9abdab5c5d1b4a3183564b322f2fd734fb6b2,ECS240,Historia da Comunicação
27f608a2c71348fe30d474d7fc1e85832a80b6f8c89f42cc0a10ad1484a7f06c,ECA123,Sistemas e Técn de Comunicação
3f45bb0feca43e0ad0573e846b7c6d54bfd62ea308dbc8e9dad05113522d1da7,ECAU01,Laboratório de Comunicação A.
ea08c841343b023f12c5bab5ac4e12f1a347b483963fdc0195856f58ccee39e9,ECAU02,Laboratório de Comunicação B
d6c397b8e99929810a53d11dd876ffb61c01dd9f9d3752caec8817a8feff779f,ECL122,Linguagem Audiovisual I
c2f13121aaf985057a0eee9d28a3daf979f1f0392e0b602c8b8390e768b1409c,ECS009,Seminário em Comunicação J
07ec1893a59fa5a1d6fc5cef1ab425f7b9d8e5d9b8e73c604eee95619bfde110,ECS236,Teoria da Comunicação II
c5dd648b92b334dbe9bed3bc5b609de2974311eaa6fa658a3830754c1ec0a1d5,ECA112,Comunicação e Realidade Brasil
bff1430ad9d7f2eb1d5f0edc58ffaf6480f243e6f3d05e08f5b968e0c072771c,ECL234,Linguagem Audiovisual II
96dc5db5d8e12c0582a194578622e0d24aec39825b78c0b6a5745f00cdd4eeae,ECL235,Fotografia
83d0eb27e3eaa49d8259b72911ae56cc6a781c513c6951e78fd5259991c47665,ECL382,Redação Jornalística II
d45a733f671c3942bbede7ca3461b30df64254cad33527e0d9c02f01ed3e27f8,ECS237,Antropologia e Comunicação
80bae906e03404c00ad4a5a7bec92ab2657337e22ab0168acee1be807d593b02,ECS238,Teoria da Comunicação III
c7fe010dbb90b30b185fce75a94bed3dfa7ae4d46c9ce9f14d9ad1eb98ee78e2,LEV120,Língua Portuguesa II
3bce8ac6b501b3d5f8ba7a41559085a96fdeaab74608c2e0370d8f0b34b6ca0e,NCG012,Mineração de Dados
f48d46d4c655f23d2efec585db51e7ae78975f6df378d1796048c4002a077418,FCP119,Introdução às Ciências Sociais
fce58d65869c1dbb4364cd0ae1fce00d2dba8d64ab07465fedf9031b1346464e,FCP121,Ciência Política
fe32d6a572b96dcb1b0dc3ba3fc5a806274d03d9cbb7f0e24a050d3a1a109e3b,ACA115,Fundamentos da Administração
336db939d61b2ec0e17ad05fcbb9262ac13f8f49f114ab04f7137726a2186a1e,ACA122,Teoria das Organizações
1da14a81532ce3f6869fc35b358174ee897ee3a1db7944bfb3dde9a7defc1eaf,ACA226,Matemática Financeira
e14dd2c097f7a48ac68acea2e1de4c1ba00b8b341a3afbe189e9024ba94c11d9,ACA227,Modelos Probabilísticos em Adm
3a94c37b22d3e8cdb41a68990819faa09f89e4646c78b47ebca8adbf0455f94b,MAC106,Algebra Linear I
fb9e81c77c1b7252e6dd57b9f3880143c4d035a43392b2d104f4fc59f7ac4246,MAD114,Analise Exploratoria de Dados
5677115defb9959abe28b521e3ebac3a37e95519fd7acf5b5f0768f854d5f418,LEO100,Língua Russa I
6132ed48ca664030460cbe75bfe27f3cd4eec1da7fc8075049fdce6331908b2a,EET200,Int a Eng Metalurg e de Mater
259dfc5cf014bab587a5b0063bee01e36f63e63d74c60eb8810a6cd244ceb57f,EEE200,Introducao a Eng Eletrica
9258d00c1d946fd560803ff35de15d23580424fc9302ae2fd0dd90a6d11ef364,EEE466,Circuitos Logicos
393c40cd721da2fdbb0ebb6700800a4b7650ca31f46de385a54aa066e5779e52,EEE642,História da Eletricidade
91741cb4b7d364023811f49f6f1c9cd7f66d4fa40cd2b30104fc82f2caad98a9,EEE321,Circuitos Eletricos em CC
90f90176adc55b484a4cfe497bdec172abba5d1e5333bccc993d09e0da5bd2c6,EEE467,Lab Circuitos Lógicos
008cc492649d0f8b61bb076704676288499b400064ffbf36dd1bbb8a047e2c2f,EEH214,Fenômenos de Transferência
0e402036535135c775cb46062b7abd68b4a5873212f81669c6718b97a38b6242,EEWY21,Monitoria I
a8068dfcd9d6e2cb7160e505469c933e7d545e4a86071f7504518a559c07a3b0,FIN241,Física Experimental IV
ad4a650fc84885921e920f2c1140309ab69bd75dd4669a4db331d0553c37352f,EEA338,Resistencia dos Materiais
1226d5074f6d79b1e9f0eb6f9a722e5ed585229bed461b439e51ca17c773c0b7,EEE322,Lab Circuitos Elétricos I
18d2c39a5759fd95ea1a723a1b7d014b2f4714aa1dfca2ae99842704356caf84,EEE327,Eletromagnetismo I
a31d7c6761e875c2211cda4746fe9d22e887af74969f74ac6371e61e0cd757bb,EEE339,Sistemas de Controle I
95d7295fb6f096f113d24d7bf977b15f777a13e3839feffb596beefb5c75ec11,EEI312,Economia A
a27cf28d0c4094aefbb72af4e7681da98231cdf2d5d51c5160dbbf1be865962e,EET308,Ciencia dos Mat Eletricos
d7df54a2b5eb5cd97d71aaae30e03148d59f353ea932cb93102f42501a252ebc,MAWZ01,Ativ Curricular Extensão I
fdd75270fe83b69e1a64f458866e62d4a734abbec4c2d89832d42e14a41be334,IQG114,Quimica Geral I
418761ee135e0726678fe9a479091ab1a5f022eb4bb10bce0c90a2754e91f7e1,COP364,Empreendedorismo I
c6277b9e4ff562efc01a9f1e0a4b6dd571f00b996b07e601d57af69b7e84092d,EEWY02,Equipe de Competição II
445372ae236e89df5d1538cba6da249de4bb28ad5e809060ac32d5a1537ee653,IHI130,Top Esp em Hist da America III
013325f4a15d893945d0f5b8544725c831d744add0dbd09a489047f2359d4bb2,IHI221,Historia Medieval II
76c56660846568fd63bb0592a1b683a40c8e927ac00971798bf1fbb8ca0acce7,IHI223,Historia da America II
0ec9db3419d9eb81a3cdcc8dc8ac9d833c7393b610ad41d00d71329c675e827a,BAWX02,Atividades Complementares
f889ddcebcd533371319c409a3e4ab992aae68d6d54300c61078cd61b894b686,EEL850,Software Livre Metod Particip
4332b20da4ea702c51095bb958283776b34e730ca03cd936331fa5724ce6313c,BAH237,Arte Africana Afro-brasileira
226dd5a1d932d4f2beb7490f947fbcf5d5819076b3974d7023a9288fa99693e4,EEWX02,Proj de Extensão em Engenharia
2d80af3b9d44fd1c35b87c774988047a365cc3981680204d246454670dc15cdb,MAC117,Geometria I
b43f99255829d9bb403364dac5fca7ad41ef72471e96f78052b9657a8c983780,IQW999,Apoio Pedagógico em Química
db3eec900d20940d02520fc94de135ee7a952257e666d955eff0e22306a2a798,IEEZ60,Introdução à Extensão
8b2c8d5b77839b815ee4c10f10b4b0e719005ccfd05dc47b858cc514306995de,NCG010,Conectando Redes
cb7391b36d45b818fbe35ee2a459be72e491e8d35fe2c82b40491be27510d3c4,MAE121,Calculo Infinitesimal II
15965dd1ad9520496d1c5388040eed5535e77f8e03beadad306f7b3202130aa3,MAE241,Calculo Infinitesimal IV
1e7c761dd55b1800af62f2b7cdbac480d2d78b9a47163eeaacf6434bd1f2d50c,EFA109,Introd Estudo Corporeidade Ef
4c85fe2ffb527fe500f1e7e8062b8c8eee748b69cdf8f840b7140e16abea8ee5,IEE113,Teoria Economica I
ce60a774dfde5f979ec82aa23095f7d899dadfa9701b23aa41f562da234e7f13,CMT001,Est Dirigido Ciênc Mat Nat I
2c419bcaf6e8894d180b51997173355ff44258cbb2e76033007f70c288b7c497,EFC110,Prática da Natação
6110dabd628a2875b1744d8dd5de1277cdd2f4f6ddf34e58502301707cad2dad,BAV361,Tecn e Producao da Imagem A.
